PID,POS,X,Y,label
1,1,214.25,59.33333333,1
2,1,228.1666667,51.41666667,2
3,1,232.8333333,40.25,3
