PID1,label,X,Y
1,1,214.25,59.33333333
2,2,228.1666667,51.41666667
3,3,232.8333333,40.25
